,businessType,businessName,primaryPhone,streetAddress,city,state,zip,companyPrefix,sizeWeight,gln
0,restaurant,Exquisite Diner,1567248462,427 Gallagher Avenue,Chattanooga,ID,82943,0759273,0.64,0759273.61494
1,seafoodFarm,Nautical Aquafarm,3379925606,642 Bosworth Parkway,Waterbury,NJ,64888,1390230,0.28,1390230.81585
2,groceryNoTransform,Delicious Store,4264566833,272 Balmy Plaza,Miramar,KS,76325,1250020,0.79,1250020.66083
3,landBasedReceiver,Deep Coast,4014778015,805 Christopher Avenue,Cleburne,RI,37796,0748049,0.34,0748049.38648
4,distributor,Quality Wholesalers,5652088680,32 Tehama Rapids,Ashwaubenon,NC,16157,0869925,0.09,0869925.31561
5,distributor,International Supply,3197890771,400 Oak Grove Court,Bourbonnais,IA,27941,0822745,0.33,0822745.43462
6,packaging,Fresh Containers,9992684999,88 Gaiser Square,Lomita,CA,07176,0859523,0.16,0859523.85654
7,wholesaler,Premium Distributors,1721660836,1284 Globe Rapids,Littleton,ID,25551,1129933,0.45,1129933.57226
8,restaurant,Charming Restaurant,9879922735,1300 Sala Freeway,Cedar Rapids,PA,45354,1370351,0.23,1370351.76897
9,seafoodFarm,Marine Aquafarm,7959034845,1107 Heritage Annex,Bristol,NH,61649,0836055,0.78,0836055.90841
10,wholesaler,Global Market,5563818944,404 Park Hill Row,Upper Arlington,TN,57644,0646659,0.31,0646659.74322
11,landBasedReceiver,Ocean Delights,2235250918,449 Winding Row,Mesquite,MI,93102,1124416,0.74,1124416.31683
12,restaurant,Flavorful Cuisine,7017615305,579 Jefferson Spur,Doral,OR,06336,0890416,0.6,0890416.77007
13,restaurant,Delicious Diner,3689099454,669 Annapolis Bayou,Marquette,IA,04490,0913194,0.45,0913194.54441
14,distributor,Quality Network,5330357859,192 Berwick Bridge,Stockton,HI,13035,0755319,0.1,0755319.21659
15,seafoodFarm,Aqua Fish Farm,9016817078,788 Dorantes Point,Bellingham,NH,49686,0868869,0.64,0868869.75711
16,packaging,Premium Packaging,9471911761,125 Waterloo Shore,Webster Groves,NY,40690,1071628,0.49,1071628.63702
17,farm,Green Pastures Farm,1940228875,336 Troy Lane,Davenport,KY,47863,0634100,0.32,0634100.84219
18,landBasedReceiver,Marine Delights,9618803221,300 Easement Crossing,Pearl,ME,42129,1333584,0.42,1333584.10264
19,processor,Quality Processing,7903296159,159 Lomita Motorway,Little Elm,KS,99786,1386119,0.72,1386119.50116
20,groceryNoTransform,Fresh Mart,6523559410,85 Persia Point,Garden City,MN,85097,1137411,0.26,1137411.14473
21,wholesaler,Best Foods,7245337368,4 Alder Row,Chanhassen,HI,55910,1037020,0.16,1037020.10230
22,seafoodFarm,Marine Fish Haven,5563096123,982 Sabin Spur,Woburn,SC,01578,0621763,0.09,0621763.63265
23,processor,Fresh Provisions,0422481976,704 Agnon Avenue,Goodlettsville,LA,70928,0777050,0.71,0777050.98428
24,restaurant,Exquisite Grill,4503717772,31 Friedell Gardens,Ansonia,AL,09193,0915932,0.21,0915932.16920
25,processor,Wholesome Manufacturing,9977497235,1043 South Hill Creek,Huber Heights,WI,15207,0626704,0.31,0626704.65647
26,wholesaler,Gourmet Foods,1731007409,283 Upper Service Run,Salt Lake City,NM,30111,1363161,0.1,1363161.71325
27,landBasedReceiver,Deep Bay,9636274830,64 Coleridge Street,Orland Park,CA,38831,0913633,0.71,0913633.26623
28,landBasedReceiver,Marine Bay,7177391551,438 Dickinson Walk,Killeen,CT,19321,0761646,0.47,0761646.13731
29,wholesaler,Global Trading,4806626879,844 Justin Court,Prattville,VA,08596,1329460,0.54,1329460.16235
30,restaurant,Gourmet Grill,4295369961,996 Rausch Stravenue,Midvale,NJ,55245,1261145,0.05,1261145.75585
31,farm,Sunny Meadows Farm,9434377919,1371 East Beach Garden,College Station,TX,08145,1333949,0.29,1333949.35094
32,processor,Premium Cuisine,4389345695,1328 Elk Spur,Minnetonka,VA,31146,0911207,0.57,0911207.32243
33,wholesaler,Best Supplies,2495074639,990 Belgrave Garden,Bradenton,MO,83170,0758387,0.51,0758387.92263
34,restaurant,Delicious Cuisine,8895381647,1107 Bucareli Mews,Ellensburg,WI,83680,1335456,0.24,1335456.65617
35,landBasedReceiver,Deep Catchers,9758088000,207 Auto Pass,Kent,AZ,95451,1153490,0.59,1153490.88630
36,landBasedReceiver,Fresh Coast,3193815867,509 School Green,Prescott Valley,WY,30747,0715744,0.78,0715744.98548
37,seafoodFarm,Aqua Fish Farm,4677422961,329 Edgewood Estate,Copperas Cove,AZ,71871,1010982,0.15,1010982.55194
38,grocery,Fine Market,8060960511,271 Coleman Annex,North Charleston,WI,75222,0957339,0.09,0957339.35760
39,distributor,Premium Supply,3908710997,170 Miley Plaza,Rochester Hills,SD,01053,1223720,0.36,1223720.82968
40,distributor,Global Services,0755241567,369 Burnside Path,Myrtle Beach,MD,54741,0813386,0.54,0813386.26928
41,distributor,Fine Distributors,9401912177,1386 Mulford Point,Nogales,IA,58275,1014506,0.36,1014506.60749
42,processor,Healthy Kitchen,2233178989,901 Putnam Court,Akron,IA,15888,0836580,0.3,0836580.32350
43,distributor,Reliable Logistics,7004720548,1231 Martinez Boulevard,Elizabeth City,CO,50665,0718747,0.32,0718747.98886
44,distributor,Quality Wholesalers,4082025244,1354 Fortuna Turnpike,Mount Pleasant,VA,70298,0747881,0.37,0747881.98908
45,landBasedReceiver,Marine Catches,9991087541,1191 Willow Road,Valdosta,MI,44424,0753744,0.67,0753744.62155
46,seafoodFarm,Blue Aquafarm,8720196795,1069 Kearny Park,Davie,MA,04870,0865572,0.27,0865572.57237
47,seafoodFarm,Sea Aquafarm,4163472194,131 Brant Canyon,Johnstown,WA,16411,0839687,0.23,0839687.70638
48,groceryNoTransform,Delicious Store,1339016524,665 Burritt Court,Rochester Hills,VT,88715,1083095,0.76,1083095.90131
49,restaurant,Charming Diner,2840545746,739 Kate Grove,Paterson,WA,98716,0930427,0.11,0930427.30955
50,seafoodFarm,Marine Fish Farm,7300385690,1151 Mayflower Field,Ridgewood,MI,63489,0793877,0.78,0793877.23682
51,wholesaler,Premium Distributors,3044651248,996 Nibbi Mews,Petersburg,AZ,02816,0863271,0.16,0863271.76416
52,packaging,Innovative Packaging,6953974052,278 Potrero Field,Northport,MN,26800,0922997,0.44,0922997.53731
53,restaurant,Gourmet Restaurant,8426443559,1050 Charles Lodge,Topeka,NH,90099,0910654,0.29,0910654.76504
54,groceryNoTransform,Fine Grocery,0383167126,576 Vicente Trace,West Hollywood,ME,19991,1269873,0.32,1269873.35723
55,wholesaler,Prime Wholesale,5190101274,178 Harrington Manor,Alsip,MA,06176,1112440,0.58,1112440.43449
56,packaging,Innovative Packaging,7043355211,1165 Noe Stravenue,Mill Creek,SC,08211,1253082,0.16,1253082.49216
57,packaging,Fresh Pack,2294478011,258 Spear Drive,Rockville Centre,MA,35006,0658339,0.72,0658339.89920
58,seafoodFarm,Ocean Fish Haven,5942259376,137 Beideman Shore,Minnetonka,AK,69050,0798092,0.7,0798092.37057
59,restaurant,Tasty Tavern,2937927279,10 Utah Place,Brentwood,LA,21767,0937341,0.79,0937341.58018
60,distributor,Superior Wholesalers,9025146685,6 Delano Plaza,Rolla,ME,76258,0853066,0.11,0853066.53718
61,distributor,International Trade,1339981278,453 Somerset Glen,Elizabeth City,MA,32336,0679486,0.38,0679486.37103
62,groceryNoTransform,Tasty Bazaar,6498217001,416 Davis Lane,Marysville,FL,60736,0692927,0.65,0692927.40993
63,farm,Misty Orchard Farm,5484137453,46 Glendale Ranch,Lebanon,NJ,68818,0634764,0.31,0634764.81360
64,restaurant,Exquisite Tavern,3372493022,647 Delgado Turnpike,Stephenville,NH,84318,0772356,0.65,0772356.60320
65,restaurant,Flavorful Eatery,6856791060,1176 Palm Lake,College Station,CT,34044,1057224,0.13,1057224.53793
66,wholesaler,Fresh Market,1999250554,185 De Montfort Landing,Bellevue,AR,25822,0973955,0.15,0973955.92429
67,restaurant,Savory Cuisine,4033989479,1124 Virgil Circle,Hopkins,OR,36231,0837583,0.12,0837583.55876
68,restaurant,Exquisite Tavern,9575137246,208 Mount Highway,Mequon,IA,87187,1345727,0.7,1345727.74628
69,restaurant,Authentic Brasserie,0338676007,1280 Rock Field,Greeley,WY,12386,0817269,0.06,0817269.61459
70,processor,Fresh Products,5803473094,380 Griffith Annex,Hobbs,AR,64460,1262069,0.31,1262069.66675
71,grocery,Fine Store,7969542303,1023 Bertha Manor,Rahway,AL,44643,0848500,0.07,0848500.90948
72,grocery,Tasty Outlet,5183650246,1337 Hayward Square,Massapequa Park,SC,70365,0636176,0.17,0636176.37013
73,groceryNoTransform,Gourmet Market,0252425930,645 Neptune Extension,Paramount,MI,91961,0792288,0.39,0792288.95082
74,distributor,Prime Distributors,7172473542,887 Berry Field,Ennis,SC,39024,0916232,0.79,0916232.26494
75,landBasedReceiver,Coastal Coast,3814439921,236 Brook Bend,Brookfield,AZ,91583,0820550,0.48,0820550.66704
76,grocery,Fine Market,5221814899,1175 Vista Verde Annex,Pearland,IN,64262,0646937,0.31,0646937.48592
77,packaging,Green Wrap,9070436163,596 Theresa Canyon,Oakdale,ND,49356,1011852,0.74,1011852.97109
78,restaurant,Savory Bistro,3954339831,848 Arbor Square,St. Marys,MD,26734,1388578,0.77,1388578.46723
79,grocery,Healthy Store,0355385163,402 North Van Horn Walk,Coral Gables,KS,72956,1168266,0.1,1168266.43545
80,groceryNoTransform,Gourmet Grocery,5585790889,779 Gerke Circle,Oakland,NC,55917,1267532,0.17,1267532.63176
81,restaurant,Exquisite Eatery,8791807135,950 Old Decatur Loop,Murrieta,IA,32848,1134492,0.21,1134492.38626
82,grocery,Gourmet Emporium,7187043573,1064 Ozbourn Alley,Winter Park,NV,83714,0916798,0.1,0916798.15592
83,grocery,Fine Emporium,5701761311,165 Peters Rapids,Coeur d'Alene,WA,87879,0987560,0.34,0987560.56717
84,seafoodFarm,Marine Fish Haven,1861014076,928 Dore Center,Reading,AR,36019,0913376,0.61,0913376.96858
85,groceryNoTransform,Tasty Foods,6357414986,553 Cross Heights,San Juan,WI,01580,1018511,0.39,1018511.74433
86,packaging,Premium Packs,8814188027,2 Velasco Spur,Stanton,MI,96793,1297014,0.55,1297014.47276
87,packaging,Premium Containers,5444333981,1225 Broderick Bypass,Greenwood,SC,76104,0922680,0.07,0922680.69612
88,packaging,Green Encase,7572720350,335 Osgood Field,Lehi,MO,00746,0971251,0.31,0971251.11492
89,groceryNoTransform,Fresh Mart,3059389706,1039 Bacon Path,Sherman,WA,81912,0738478,0.22,0738478.41493
90,landBasedReceiver,Harbor Coast,8530558393,412 Parnassus Ferry,Norman,VA,64525,1086357,0.19,1086357.54068
91,farm,Happy Harvest Farm,4245074497,483 Graham Estate,Merrillville,AR,02275,0978177,0.2,0978177.60152
92,restaurant,Savory Cafe,5284172141,681 Randolph Station,Lake Worth,PA,73039,0736772,0.43,0736772.88383
93,packaging,Quality Wraps,4679402525,606 Jansen Circle,Pueblo,CA,93224,1285774,0.5,1285774.36771
94,distributor,Quality Imports,2072287552,901 Leona Mews,Norwalk,MA,98172,0616252,0.63,0616252.15584
95,grocery,Organic Corner,2428926448,1360 Monterey Route,Clifton,NJ,77552,0991403,0.38,0991403.90372
96,restaurant,Charming Brasserie,5545976690,568 Stanyan Lake,Coon Rapids,KS,68737,1123343,0.6,1123343.12124
97,groceryNoTransform,Natural Foods,1313041792,48 Bercut Access Terrace,Northbrook,DE,33029,0775404,0.22,0775404.80093
98,seafoodFarm,Blue Fish Haven,5685802086,1345 Hillcrest Circle,Marietta,KS,40261,0810212,0.09,0810212.83161
99,wholesaler,Top Supplies,7611282913,116 Lombard Terrace,Meriden,DE,84836,0992167,0.49,0992167.58645
